{"products":[{"id":"0.13344400422718317","qty":3}],"totalPrice":38.339999999999996}